file_name,width,height,class_name,x_min,y_min,x_max,y_max
0217f02f-20220718_115259.jpg_224x224.jpg,224,224,Kiros,22,66,159,206
033c28f4-20220718_121038.jpg_224x224.jpg,224,224,Transparente,61,85,136,145
0345faef-20220718_114448.jpg_224x224.jpg,224,224,Plano,49,43,122,155
037bc6b2-20221111_115135.jpg_224x224.jpg,224,224,Cuezo,28,0,129,193
068b9529-20220718_115752.jpg_224x224.jpg,224,224,Guppy,130,18,194,62
068b9529-20220718_115752.jpg_224x224.jpg,224,224,Guppy,74,60,129,94
068b9529-20220718_115752.jpg_224x224.jpg,224,224,Guppy,43,97,104,132
068b9529-20220718_115752.jpg_224x224.jpg,224,224,Transparente,147,73,223,152
06c455d1-20220718_115758.jpg_224x224.jpg,224,224,Guppy,84,95,133,151
06c455d1-20220718_115758.jpg_224x224.jpg,224,224,Guppy,137,102,191,146
06c455d1-20220718_115758.jpg_224x224.jpg,224,224,Transparente,119,28,149,87
06c455d1-20220718_115758.jpg_224x224.jpg,224,224,Kiros,170,12,216,71
07577f18-20220718_120556.jpg_224x224.jpg,224,224,Guppy,64,65,112,100
07577f18-20220718_120556.jpg_224x224.jpg,224,224,Transparente,109,82,144,135
07577f18-20220718_120556.jpg_224x224.jpg,224,224,Kiros,122,144,182,193
09174c70-20220718_115827.jpg_224x224.jpg,224,224,Transparente,148,50,222,119
09174c70-20220718_115827.jpg_224x224.jpg,224,224,Guppy,78,107,108,148
0a75bd00-20220105_142549.jpg_224x224.jpg,224,224,Cuezo,71,69,140,155
0a75bd00-20220105_142549.jpg_224x224.jpg,224,224,Plano,175,122,187,146
0a75bd00-20220105_142549.jpg_224x224.jpg,224,224,Plano,37,132,64,153
0a78d0aa-20220718_120213.jpg_224x224.jpg,224,224,Guppy,70,82,107,135
0a78d0aa-20220718_120213.jpg_224x224.jpg,224,224,Guppy,110,87,160,116
0a78d0aa-20220718_120213.jpg_224x224.jpg,224,224,Transparente,171,24,223,100
0a87ab10-20220718_120056.jpg_224x224.jpg,224,224,Cuezo,75,9,164,75
0a87ab10-20220718_120056.jpg_224x224.jpg,224,224,Transparente,181,47,219,129
0a87ab10-20220718_120056.jpg_224x224.jpg,224,224,Guppy,104,102,162,146
0a87ab10-20220718_120056.jpg_224x224.jpg,224,224,Kiros,6,104,58,166
0a87ab10-20220718_120056.jpg_224x224.jpg,224,224,Plano,24,6,60,38
0c0cf5f8-20220718_115656.jpg_224x224.jpg,224,224,Kiros,58,48,150,108
0c0cf5f8-20220718_115656.jpg_224x224.jpg,224,224,Transparente,84,0,166,40
0c62f9d1-20220718_121153.jpg_224x224.jpg,224,224,Guppy,18,0,92,94
0c62f9d1-20220718_121153.jpg_224x224.jpg,224,224,Guppy,9,76,47,136
0c62f9d1-20220718_121153.jpg_224x224.jpg,224,224,Guppy,127,98,149,127
0c62f9d1-20220718_121153.jpg_224x224.jpg,224,224,Transparente,0,144,28,182
0c62f9d1-20220718_121153.jpg_224x224.jpg,224,224,Plano,0,186,21,213
0d41908a-20220105_142119.jpg_224x224.jpg,224,224,Cuezo,74,104,110,129
0e79e684-20220718_120022.jpg_224x224.jpg,224,224,Transparente,6,42,66,98
0e79e684-20220718_120022.jpg_224x224.jpg,224,224,Kiros,8,105,81,146
0e79e684-20220718_120022.jpg_224x224.jpg,224,224,Guppy,98,110,145,145
0e79e684-20220718_120022.jpg_224x224.jpg,224,224,Plano,83,24,108,52
0e79e684-20220718_120022.jpg_224x224.jpg,224,224,Plano,202,0,223,33
0e79e684-20220718_120022.jpg_224x224.jpg,224,224,Guppy,171,109,215,156
0e8c481c-20220718_115815.jpg_224x224.jpg,224,224,Transparente,75,58,153,112
0e8c481c-20220718_115815.jpg_224x224.jpg,224,224,Guppy,23,9,70,37
104ab375-20220718_120431.jpg_224x224.jpg,224,224,Kiros,122,116,177,156
104ab375-20220718_120431.jpg_224x224.jpg,224,224,Guppy,46,110,113,144
104ab375-20220718_120431.jpg_224x224.jpg,224,224,Guppy,59,87,104,114
104ab375-20220718_120431.jpg_224x224.jpg,224,224,Guppy,171,136,208,180
10e07715-20220718_115708.jpg_224x224.jpg,224,224,Transparente,103,84,161,136
10e07715-20220718_115708.jpg_224x224.jpg,224,224,Guppy,54,92,85,126
10e07715-20220718_115708.jpg_224x224.jpg,224,224,Guppy,33,0,79,45
114a8f83-20220718_120817.jpg_224x224.jpg,224,224,Plano,53,72,139,158
114a8f83-20220718_120817.jpg_224x224.jpg,224,224,Cuezo,134,0,222,141
11ff1ba1-20220718_120315.jpg_224x224.jpg,224,224,Guppy,108,33,135,73
11ff1ba1-20220718_120315.jpg_224x224.jpg,224,224,Transparente,150,29,187,68
11ff1ba1-20220718_120315.jpg_224x224.jpg,224,224,Guppy,100,77,146,100
11ff1ba1-20220718_120315.jpg_224x224.jpg,224,224,Guppy,82,69,100,101
11ff1ba1-20220718_120315.jpg_224x224.jpg,224,224,Guppy,39,56,83,116
124eaee9-20220718_120301.jpg_224x224.jpg,224,224,Plano,103,0,137,63
124eaee9-20220718_120301.jpg_224x224.jpg,224,224,Kiros,106,70,156,108
124eaee9-20220718_120301.jpg_224x224.jpg,224,224,Guppy,53,110,86,159
124eaee9-20220718_120301.jpg_224x224.jpg,224,224,Guppy,70,61,93,99
14a5d72d-20220718_115956.jpg_224x224.jpg,224,224,Transparente,29,25,78,65
14a5d72d-20220718_115956.jpg_224x224.jpg,224,224,Kiros,29,73,85,107
14a5d72d-20220718_115956.jpg_224x224.jpg,224,224,Guppy,83,84,143,140
16dbb416-20220718_120107.jpg_224x224.jpg,224,224,Transparente,76,80,131,126
16dbb416-20220718_120107.jpg_224x224.jpg,224,224,Plano,105,20,131,58
170af2c7-20220718_120036.jpg_224x224.jpg,224,224,Transparente,6,23,72,67
170af2c7-20220718_120036.jpg_224x224.jpg,224,224,Guppy,63,98,172,146
18211774-20220105_141943.jpg_224x224.jpg,224,224,Cuezo,26,18,171,207
18211774-20220105_141943.jpg_224x224.jpg,224,224,Plano,137,20,197,74
1ad5f11f-20220718_115346.jpg_224x224.jpg,224,224,Kiros,57,92,121,154
1e18f81f-20220718_115322.jpg_224x224.jpg,224,224,Kiros,76,98,126,183
1e18f81f-20220718_115322.jpg_224x224.jpg,224,224,Kiros,126,138,138,140
1e1d8d3e-20220718_121123.jpg_224x224.jpg,224,224,Guppy,18,60,57,144
1e1d8d3e-20220718_121123.jpg_224x224.jpg,224,224,Guppy,58,33,87,103
1e1d8d3e-20220718_121123.jpg_224x224.jpg,224,224,Guppy,113,77,135,98
1e1d8d3e-20220718_121123.jpg_224x224.jpg,224,224,Guppy,84,47,109,61
1e1d8d3e-20220718_121123.jpg_224x224.jpg,224,224,Guppy,174,11,201,44
1e1d8d3e-20220718_121123.jpg_224x224.jpg,224,224,Plano,61,189,104,223
1e289d50-20220718_114936.jpg_224x224.jpg,224,224,Plano,86,71,117,138
1e289d50-20220718_114936.jpg_224x224.jpg,224,224,Cuezo,187,149,223,214
1e664efd-20220718_115854.jpg_224x224.jpg,224,224,Guppy,129,115,150,165
1e664efd-20220718_115854.jpg_224x224.jpg,224,224,Cuezo,130,2,221,170
1e664efd-20220718_115854.jpg_224x224.jpg,224,224,Guppy,71,120,99,170
1e664efd-20220718_115854.jpg_224x224.jpg,224,224,Guppy,109,186,159,223
1e8c40d4-20220718_121231.jpg_224x224.jpg,224,224,Guppy,97,72,139,134
1e8c40d4-20220718_121231.jpg_224x224.jpg,224,224,Guppy,4,122,77,194
1efbb317-20220718_115211.jpg_224x224.jpg,224,224,Transparente,126,0,191,75
1f349345-20220718_114850.jpg_224x224.jpg,224,224,Plano,157,38,200,90
1f349345-20220718_114850.jpg_224x224.jpg,224,224,Guppy,98,106,159,146
1f349345-20220718_114850.jpg_224x224.jpg,224,224,Transparente,86,71,136,116
1f349345-20220718_114850.jpg_224x224.jpg,224,224,Plano,135,4,189,43
1f384121-20220718_120906.jpg_224x224.jpg,224,224,Transparente,96,32,137,70
1f384121-20220718_120906.jpg_224x224.jpg,224,224,Guppy,96,173,167,205
1f384121-20220718_120906.jpg_224x224.jpg,224,224,Plano,133,0,152,25
20445a6e-20220718_120443.jpg_224x224.jpg,224,224,Plano,16,23,78,104
20445a6e-20220718_120443.jpg_224x224.jpg,224,224,Transparente,120,86,159,130
20445a6e-20220718_120443.jpg_224x224.jpg,224,224,Guppy,84,127,140,166
20445a6e-20220718_120443.jpg_224x224.jpg,224,224,Kiros,49,136,98,171
20445a6e-20220718_120443.jpg_224x224.jpg,224,224,Guppy,104,168,132,206
20f71f0f-20220718_115944.jpg_224x224.jpg,224,224,Transparente,85,92,138,138
20f71f0f-20220718_115944.jpg_224x224.jpg,224,224,Kiros,34,169,121,212
20f71f0f-20220718_115944.jpg_224x224.jpg,224,224,Cuezo,148,6,223,136
21471a40-20220718_114757.jpg_224x224.jpg,224,224,Guppy,20,25,59,55
21471a40-20220718_114757.jpg_224x224.jpg,224,224,Plano,24,85,40,161
21471a40-20220718_114757.jpg_224x224.jpg,224,224,Cuezo,129,137,190,223
21471a40-20220718_114757.jpg_224x224.jpg,224,224,Guppy,73,74,121,130
22fdf67e-20220718_120642.jpg_224x224.jpg,224,224,Plano,142,122,173,153
22fdf67e-20220718_120642.jpg_224x224.jpg,224,224,Transparente,124,148,159,178
22fdf67e-20220718_120642.jpg_224x224.jpg,224,224,Guppy,184,8,214,29
23013bea-20220718_120712.jpg_224x224.jpg,224,224,Transparente,96,42,131,74
23013bea-20220718_120712.jpg_224x224.jpg,224,224,Guppy,59,95,112,141
23013bea-20220718_120712.jpg_224x224.jpg,224,224,Guppy,79,70,118,91
23013bea-20220718_120712.jpg_224x224.jpg,224,224,Plano,196,2,218,34
23291a7d-20220718_114611.jpg_224x224.jpg,224,224,Plano,70,93,141,151
23291a7d-20220718_114611.jpg_224x224.jpg,224,224,Transparente,91,157,130,184
23291a7d-20220718_114611.jpg_224x224.jpg,224,224,Plano,66,164,124,212
23291a7d-20220718_114611.jpg_224x224.jpg,224,224,Cuezo,159,8,223,191
2399ef53-20220718_120129.jpg_224x224.jpg,224,224,Cuezo,159,0,223,159
2399ef53-20220718_120129.jpg_224x224.jpg,224,224,Plano,66,0,114,49
2399ef53-20220718_120129.jpg_224x224.jpg,224,224,Transparente,34,78,80,137
2399ef53-20220718_120129.jpg_224x224.jpg,224,224,Kiros,96,80,140,119
26f54bd7-20220718_115136.jpg_224x224.jpg,224,224,Transparente,152,30,213,105
26f54bd7-20220718_115136.jpg_224x224.jpg,224,224,Kiros,74,115,108,185
294917ba-20220718_115829.jpg_224x224.jpg,224,224,Transparente,62,74,143,142
294917ba-20220718_115829.jpg_224x224.jpg,224,224,Kiros,177,120,223,169
29db027e-20220105_141723.jpg_224x224.jpg,224,224,Cuezo,80,13,125,164
2cb21e72-20220718_121134.jpg_224x224.jpg,224,224,Plano,86,125,117,169
2ce97c05-20220718_115225.jpg_224x224.jpg,224,224,Transparente,0,60,58,152
2ce97c05-20220718_115225.jpg_224x224.jpg,224,224,Transparente,36,0,110,57
2ce97c05-20220718_115225.jpg_224x224.jpg,224,224,Kiros,88,64,142,153
2d55373f-20220718_115133.jpg_224x224.jpg,224,224,Transparente,118,5,187,77
2d55373f-20220718_115133.jpg_224x224.jpg,224,224,Kiros,62,83,137,167
2e0bc247-20220105_142034.jpg_224x224.jpg,224,224,Cuezo,63,61,132,137
2e0bc247-20220105_142034.jpg_224x224.jpg,224,224,Guppy,81,22,108,32
2e0bc247-20220105_142034.jpg_224x224.jpg,224,224,Guppy,145,53,164,66
2e0bc247-20220105_142034.jpg_224x224.jpg,224,224,Guppy,147,81,176,100
2e0bc247-20220105_142034.jpg_224x224.jpg,224,224,Guppy,132,114,145,132
2e0bc247-20220105_142034.jpg_224x224.jpg,224,224,Guppy,72,145,91,163
2e0bc247-20220105_142034.jpg_224x224.jpg,224,224,Guppy,175,139,187,152
2f14c353-20220718_114506.jpg_224x224.jpg,224,224,Plano,60,72,98,180
2f9994e8-20220718_115954.jpg_224x224.jpg,224,224,Guppy,89,95,135,153
3128961c-20220718_114521.jpg_224x224.jpg,224,224,Cuezo,113,2,163,135
3128961c-20220718_114521.jpg_224x224.jpg,224,224,Guppy,81,89,110,129
3128961c-20220718_114521.jpg_224x224.jpg,224,224,Transparente,86,141,115,175
3128961c-20220718_114521.jpg_224x224.jpg,224,224,Plano,171,119,223,201
3128961c-20220718_114521.jpg_224x224.jpg,224,224,Guppy,38,82,68,118
31e03a2b-20220718_115009.jpg_224x224.jpg,224,224,Transparente,55,66,102,114
31e03a2b-20220718_115009.jpg_224x224.jpg,224,224,Plano,92,8,138,51
31e03a2b-20220718_115009.jpg_224x224.jpg,224,224,Guppy,101,124,153,159
31e03a2b-20220718_115009.jpg_224x224.jpg,224,224,Plano,194,23,211,64
333bfe83-20220718_120327.jpg_224x224.jpg,224,224,Guppy,68,47,91,97
333bfe83-20220718_120327.jpg_224x224.jpg,224,224,Guppy,98,118,159,179
333bfe83-20220718_120327.jpg_224x224.jpg,224,224,Kiros,109,92,161,134
3507a249-20220718_120538.jpg_224x224.jpg,224,224,Plano,65,63,114,155
362ef030-20220718_115830.jpg_224x224.jpg,224,224,Transparente,83,74,122,128
362ef030-20220718_115830.jpg_224x224.jpg,224,224,Kiros,170,115,223,171
3630659f-20220718_120249.jpg_224x224.jpg,224,224,Guppy,55,10,102,75
3630659f-20220718_120249.jpg_224x224.jpg,224,224,Guppy,105,81,141,140
3630659f-20220718_120249.jpg_224x224.jpg,224,224,Guppy,147,97,189,141
3630659f-20220718_120249.jpg_224x224.jpg,224,224,Guppy,72,80,98,143
3630659f-20220718_120249.jpg_224x224.jpg,224,224,Cuezo,170,0,223,57
384afd59-20220718_120317.jpg_224x224.jpg,224,224,Guppy,112,64,169,110
384afd59-20220718_120317.jpg_224x224.jpg,224,224,Transparente,159,19,190,62
384afd59-20220718_120317.jpg_224x224.jpg,224,224,Guppy,37,77,84,134
384afd59-20220718_120317.jpg_224x224.jpg,224,224,Guppy,88,1,110,37
38e5da97-20220718_114537.jpg_224x224.jpg,224,224,Plano,88,76,116,146
38e5da97-20220718_114537.jpg_224x224.jpg,224,224,Transparente,123,97,165,132
38e5da97-20220718_114537.jpg_224x224.jpg,224,224,Guppy,168,28,200,77
38f60645-20220105_142516.jpg_224x224.jpg,224,224,Cuezo,112,75,146,112
39abf33c-20220718_115633.jpg_224x224.jpg,224,224,Guppy,108,0,161,30
39abf33c-20220718_115633.jpg_224x224.jpg,224,224,Transparente,184,27,219,72
39abf33c-20220718_115633.jpg_224x224.jpg,224,224,Kiros,2,88,68,141
3b9bada8-20220718_120230.jpg_224x224.jpg,224,224,Guppy,138,91,185,156
3b9bada8-20220718_120230.jpg_224x224.jpg,224,224,Kiros,75,88,128,124
3b9bada8-20220718_120230.jpg_224x224.jpg,224,224,Guppy,10,98,64,137
3b9bada8-20220718_120230.jpg_224x224.jpg,224,224,Guppy,96,119,137,142
3b9bada8-20220718_120230.jpg_224x224.jpg,224,224,Transparente,189,53,213,105
3b9bada8-20220718_120230.jpg_224x224.jpg,224,224,Plano,145,16,182,82
3b9bada8-20220718_120230.jpg_224x224.jpg,224,224,Plano,192,0,216,32
3c4897b1-20220105_142020.jpg_224x224.jpg,224,224,Cuezo,65,32,132,156
3c4897b1-20220105_142020.jpg_224x224.jpg,224,224,Guppy,22,60,38,79
3c4897b1-20220105_142020.jpg_224x224.jpg,224,224,Guppy,188,57,214,74
3c4897b1-20220105_142020.jpg_224x224.jpg,224,224,Plano,177,107,197,146
3c7f78a0-20220718_120017.jpg_224x224.jpg,224,224,Plano,73,3,128,63
3c7f78a0-20220718_120017.jpg_224x224.jpg,224,224,Transparente,3,65,47,113
3c7f78a0-20220718_120017.jpg_224x224.jpg,224,224,Plano,148,36,178,68
3c7f78a0-20220718_120017.jpg_224x224.jpg,224,224,Plano,150,77,202,97
3c7f78a0-20220718_120017.jpg_224x224.jpg,224,224,Guppy,88,123,140,149
3d6a91fe-20220718_120347.jpg_224x224.jpg,224,224,Kiros,32,76,70,144
3d6a91fe-20220718_120347.jpg_224x224.jpg,224,224,Guppy,78,75,120,113
3d6a91fe-20220718_120347.jpg_224x224.jpg,224,224,Guppy,98,100,125,136
3d6a91fe-20220718_120347.jpg_224x224.jpg,224,224,Plano,105,0,124,37
3d6a91fe-20220718_120347.jpg_224x224.jpg,224,224,Plano,73,0,104,31
3d6a91fe-20220718_120347.jpg_224x224.jpg,224,224,Cuezo,151,0,223,85
3e566309-20220718_115559.jpg_224x224.jpg,224,224,Plano,35,65,143,154
3ecbf3ec-20220718_115253.jpg_224x224.jpg,224,224,Kiros,49,57,133,192
3ef097b7-20220105_141855.jpg_224x224.jpg,224,224,Cuezo,45,11,170,178
3f8039d2-20220718_120442.jpg_224x224.jpg,224,224,Plano,15,50,88,118
3f8039d2-20220718_120442.jpg_224x224.jpg,224,224,Guppy,145,73,163,107
3f8039d2-20220718_120442.jpg_224x224.jpg,224,224,Guppy,99,164,125,206
3f8039d2-20220718_120442.jpg_224x224.jpg,224,224,Guppy,142,179,164,208
3f8039d2-20220718_120442.jpg_224x224.jpg,224,224,Kiros,44,140,94,178
3f8039d2-20220718_120442.jpg_224x224.jpg,224,224,Guppy,120,133,169,161
3f8039d2-20220718_120442.jpg_224x224.jpg,224,224,Guppy,6,136,41,158
3fa62b75-20220718_114648.jpg_224x224.jpg,224,224,Plano,13,0,72,79
3fa62b75-20220718_114648.jpg_224x224.jpg,224,224,Plano,68,47,127,103
3fa62b75-20220718_114648.jpg_224x224.jpg,224,224,Guppy,90,84,146,115
3fa62b75-20220718_114648.jpg_224x224.jpg,224,224,Transparente,49,148,84,203
407b6fd7-20220105_141714.jpg_224x224.jpg,224,224,Cuezo,89,3,130,113
407b6fd7-20220105_141714.jpg_224x224.jpg,224,224,Plano,1,72,18,104
4109a31a-20220718_115308.jpg_224x224.jpg,224,224,Kiros,76,112,146,156
41f8a5cd-20220718_114805.jpg_224x224.jpg,224,224,Guppy,94,11,151,45
41f8a5cd-20220718_114805.jpg_224x224.jpg,224,224,Cuezo,124,38,198,121
41f8a5cd-20220718_114805.jpg_224x224.jpg,224,224,Transparente,90,161,147,206
41f8a5cd-20220718_114805.jpg_224x224.jpg,224,224,Plano,182,97,223,180
41f8a5cd-20220718_114805.jpg_224x224.jpg,224,224,Guppy,55,55,106,100
41f8a5cd-20220718_114805.jpg_224x224.jpg,224,224,Guppy,35,26,63,69
41f8a5cd-20220718_114805.jpg_224x224.jpg,224,224,Guppy,83,102,110,143
43986ce9-20220718_120114.jpg_224x224.jpg,224,224,Transparente,42,28,73,72
43986ce9-20220718_120114.jpg_224x224.jpg,224,224,Guppy,89,115,158,159
43986ce9-20220718_120114.jpg_224x224.jpg,224,224,Guppy,90,88,117,122
43986ce9-20220718_120114.jpg_224x224.jpg,224,224,Kiros,167,86,207,145
43986ce9-20220718_120114.jpg_224x224.jpg,224,224,Cuezo,169,0,213,92
45956186-20220718_120757.jpg_224x224.jpg,224,224,Guppy,50,55,81,94
45956186-20220718_120757.jpg_224x224.jpg,224,224,Guppy,67,89,114,121
47a9ea21-20220105_142141.jpg_224x224.jpg,224,224,Cuezo,80,31,127,139
47b1d28d-20220105_142517.jpg_224x224.jpg,224,224,Cuezo,98,74,141,129
4879968a-20220718_115209.jpg_224x224.jpg,224,224,Plano,119,1,180,57
4879968a-20220718_115209.jpg_224x224.jpg,224,224,Kiros,62,92,126,146
487c90fa-20220718_120015.jpg_224x224.jpg,224,224,Guppy,54,20,140,63
487c90fa-20220718_120015.jpg_224x224.jpg,224,224,Guppy,35,70,99,112
487c90fa-20220718_120015.jpg_224x224.jpg,224,224,Plano,167,10,222,64
49519b8f-20220718_120453.jpg_224x224.jpg,224,224,Guppy,13,13,98,62
49519b8f-20220718_120453.jpg_224x224.jpg,224,224,Guppy,7,55,52,101
49519b8f-20220718_120453.jpg_224x224.jpg,224,224,Guppy,89,114,173,162
49519b8f-20220718_120453.jpg_224x224.jpg,224,224,Kiros,0,87,56,145
49519b8f-20220718_120453.jpg_224x224.jpg,224,224,Guppy,196,114,223,154
4ae1fa67-20220718_115756.jpg_224x224.jpg,224,224,Guppy,81,94,112,124
4ae1fa67-20220718_115756.jpg_224x224.jpg,224,224,Guppy,55,118,85,159
4ae1fa67-20220718_115756.jpg_224x224.jpg,224,224,Guppy,103,115,145,153
4ae1fa67-20220718_115756.jpg_224x224.jpg,224,224,Transparente,145,41,169,80
4ae1fa67-20220718_115756.jpg_224x224.jpg,224,224,Guppy,128,78,165,136
4b17b92f-20220105_142529.jpg_224x224.jpg,224,224,Cuezo,76,73,118,125
4b17b92f-20220105_142529.jpg_224x224.jpg,224,224,Plano,63,92,81,106
4b17b92f-20220105_142529.jpg_224x224.jpg,224,224,Plano,13,75,32,92
4d126806-20220718_121205.jpg_224x224.jpg,224,224,Plano,44,160,70,197
4d126806-20220718_121205.jpg_224x224.jpg,224,224,Transparente,21,129,46,160
4d126806-20220718_121205.jpg_224x224.jpg,224,224,Guppy,19,68,68,101
4d126806-20220718_121205.jpg_224x224.jpg,224,224,Guppy,108,59,152,84
4d126806-20220718_121205.jpg_224x224.jpg,224,224,Guppy,103,15,132,41
4d126806-20220718_121205.jpg_224x224.jpg,224,224,Guppy,11,15,68,49
4d126806-20220718_121205.jpg_224x224.jpg,224,224,Guppy,86,14,110,43
4d126806-20220718_121205.jpg_224x224.jpg,224,224,Guppy,3,57,46,78
52516c38-20220718_120033.jpg_224x224.jpg,224,224,Guppy,53,76,144,133
52516c38-20220718_120033.jpg_224x224.jpg,224,224,Guppy,127,68,175,107
52516c38-20220718_120033.jpg_224x224.jpg,224,224,Transparente,18,14,61,80
52516c38-20220718_120033.jpg_224x224.jpg,224,224,Cuezo,118,0,184,44
52516c38-20220718_120033.jpg_224x224.jpg,224,224,Guppy,78,0,122,17
52baffd7-20220718_120300.jpg_224x224.jpg,224,224,Guppy,68,67,130,100
52baffd7-20220718_120300.jpg_224x224.jpg,224,224,Guppy,160,98,223,167
52baffd7-20220718_120300.jpg_224x224.jpg,224,224,Guppy,53,110,86,158
54b0d34b-20220105_142059.jpg_224x224.jpg,224,224,Cuezo,65,97,132,144
54bf389b-20220718_120607.jpg_224x224.jpg,224,224,Transparente,70,83,120,152
54bf389b-20220718_120607.jpg_224x224.jpg,224,224,Kiros,97,153,173,213
54bf389b-20220718_120607.jpg_224x224.jpg,224,224,Guppy,167,26,223,104
54bf389b-20220718_120607.jpg_224x224.jpg,224,224,Plano,125,5,167,52
5562da5a-20220105_142040.jpg_224x224.jpg,224,224,Cuezo,66,46,120,135
5659e937-20220718_120455.jpg_224x224.jpg,224,224,Guppy,71,52,127,115
5659e937-20220718_120455.jpg_224x224.jpg,224,224,Guppy,109,103,202,150
5659e937-20220718_120455.jpg_224x224.jpg,224,224,Guppy,183,0,223,43
5659e937-20220718_120455.jpg_224x224.jpg,224,224,Transparente,0,34,54,88
5816890a-20220105_142554.jpg_224x224.jpg,224,224,Cuezo,78,55,129,142
5816890a-20220105_142554.jpg_224x224.jpg,224,224,Guppy,67,13,91,28
5864967e-20220718_115910.jpg_224x224.jpg,224,224,Transparente,108,42,143,98
5864967e-20220718_115910.jpg_224x224.jpg,224,224,Kiros,97,118,151,166
5864967e-20220718_115910.jpg_224x224.jpg,224,224,Guppy,37,100,81,137
59f64bc5-20220718_115134.jpg_224x224.jpg,224,224,Kiros,65,85,128,174
59f64bc5-20220718_115134.jpg_224x224.jpg,224,224,Transparente,179,32,206,106
5a4e2862-20220718_115832.jpg_224x224.jpg,224,224,Transparente,76,75,140,134
5a4e2862-20220718_115832.jpg_224x224.jpg,224,224,Kiros,156,111,223,169
5a62b705-20220105_141942.jpg_224x224.jpg,224,224,Cuezo,30,1,153,173
5a62b705-20220105_141942.jpg_224x224.jpg,224,224,Plano,119,0,178,31
5ac22848-20220105_142552.jpg_224x224.jpg,224,224,Cuezo,77,62,146,157
5ac22848-20220105_142552.jpg_224x224.jpg,224,224,Guppy,38,164,63,188
5ac22848-20220105_142552.jpg_224x224.jpg,224,224,Guppy,161,77,176,95
5ac22848-20220105_142552.jpg_224x224.jpg,224,224,Guppy,150,114,168,129
5b6bd49e-20220718_120503.jpg_224x224.jpg,224,224,Plano,100,35,169,87
5b6bd49e-20220718_120503.jpg_224x224.jpg,224,224,Transparente,67,82,136,148
5b6bd49e-20220718_120503.jpg_224x224.jpg,224,224,Guppy,140,118,202,211
5be1415a-20220718_114717.jpg_224x224.jpg,224,224,Transparente,44,64,83,107
5be1415a-20220718_114717.jpg_224x224.jpg,224,224,Guppy,66,143,132,174
5be1415a-20220718_114717.jpg_224x224.jpg,224,224,Plano,83,1,126,46
5d620a88-20220718_115245.jpg_224x224.jpg,224,224,Kiros,61,73,146,141
5dff8745-20220105_142852.jpg_224x224.jpg,224,224,Cuezo,9,2,187,183
5e94e07d-20220105_141848.jpg_224x224.jpg,224,224,Cuezo,53,28,208,212
5f1a2ca4-20220718_114528.jpg_224x224.jpg,224,224,Plano,133,56,210,154
5f1a2ca4-20220718_114528.jpg_224x224.jpg,224,224,Plano,75,82,128,150
5f1a2ca4-20220718_114528.jpg_224x224.jpg,224,224,Transparente,109,159,166,206
60ddefb5-20220718_115850.jpg_224x224.jpg,224,224,Cuezo,84,0,135,67
60ddefb5-20220718_115850.jpg_224x224.jpg,224,224,Guppy,113,43,155,85
60ddefb5-20220718_115850.jpg_224x224.jpg,224,224,Guppy,0,44,48,87
60ddefb5-20220718_115850.jpg_224x224.jpg,224,224,Kiros,61,92,124,137
610c6dd5-20220105_142544.jpg_224x224.jpg,224,224,Cuezo,81,56,129,113
610c6dd5-20220105_142544.jpg_224x224.jpg,224,224,Plano,45,96,61,122
610c6dd5-20220105_142544.jpg_224x224.jpg,224,224,Plano,0,46,20,63
6157ff7b-20220105_142539.jpg_224x224.jpg,224,224,Cuezo,88,31,142,105
6157ff7b-20220105_142539.jpg_224x224.jpg,224,224,Plano,70,109,100,131
6157ff7b-20220105_142539.jpg_224x224.jpg,224,224,Guppy,14,17,50,42
6157ff7b-20220105_142539.jpg_224x224.jpg,224,224,Guppy,21,39,54,63
64b9319b-20220718_115222.jpg_224x224.jpg,224,224,Guppy,13,21,90,100
64b9319b-20220718_115222.jpg_224x224.jpg,224,224,Transparente,96,7,117,45
64b9319b-20220718_115222.jpg_224x224.jpg,224,224,Kiros,87,65,125,142
6516fc3c-20220718_115331.jpg_224x224.jpg,224,224,Guppy,129,22,195,53
6516fc3c-20220718_115331.jpg_224x224.jpg,224,224,Guppy,109,68,143,112
6516fc3c-20220718_115331.jpg_224x224.jpg,224,224,Kiros,35,94,103,153
65cc99ef-20220718_120210.jpg_224x224.jpg,224,224,Transparente,133,18,160,74
65cc99ef-20220718_120210.jpg_224x224.jpg,224,224,Guppy,142,65,172,93
65cc99ef-20220718_120210.jpg_224x224.jpg,224,224,Guppy,183,85,213,123
65cc99ef-20220718_120210.jpg_224x224.jpg,224,224,Guppy,73,79,107,134
667027d9-20221227_101118.jpg_224x224.jpg,224,224,Cuezo,36,2,164,206
6742db44-20220105_141913.jpg_224x224.jpg,224,224,Cuezo,32,29,166,207
680ddda9-20220718_120658.jpg_224x224.jpg,224,224,Transparente,91,40,112,78
680ddda9-20220718_120658.jpg_224x224.jpg,224,224,Guppy,29,50,51,109
680ddda9-20220718_120658.jpg_224x224.jpg,224,224,Guppy,72,110,102,161
680ddda9-20220718_120658.jpg_224x224.jpg,224,224,Guppy,29,89,79,118
680ddda9-20220718_120658.jpg_224x224.jpg,224,224,Guppy,18,45,43,69
6849bc55-20220718_120547.jpg_224x224.jpg,224,224,Plano,82,78,117,171
6849bc55-20220718_120547.jpg_224x224.jpg,224,224,Plano,175,114,200,148
6849bc55-20220718_120547.jpg_224x224.jpg,224,224,Guppy,135,132,154,162
6849bc55-20220718_120547.jpg_224x224.jpg,224,224,Guppy,168,52,193,73
68b77916-20220105_142526.jpg_224x224.jpg,224,224,Cuezo,106,72,140,117
68dd3477-20220718_115305.jpg_224x224.jpg,224,224,Kiros,80,101,163,170
68dd3477-20220718_115305.jpg_224x224.jpg,224,224,Guppy,70,7,117,47
6c465906-20220718_114424.jpg_224x224.jpg,224,224,Plano,67,47,91,153
6d07da73-20220718_120504.jpg_224x224.jpg,224,224,Plano,93,11,143,70
6d07da73-20220718_120504.jpg_224x224.jpg,224,224,Transparente,52,90,117,154
6e9883e0-20220718_115913.jpg_224x224.jpg,224,224,Guppy,25,99,73,132
6e9883e0-20220718_115913.jpg_224x224.jpg,224,224,Kiros,82,125,152,180
6e9883e0-20220718_115913.jpg_224x224.jpg,224,224,Transparente,126,64,157,115
6e9883e0-20220718_115913.jpg_224x224.jpg,224,224,Cuezo,170,0,223,99
6f267bea-20220105_142018.jpg_224x224.jpg,224,224,Cuezo,93,32,168,155
6f267bea-20220105_142018.jpg_224x224.jpg,224,224,Plano,172,94,217,134
6f267bea-20220105_142018.jpg_224x224.jpg,224,224,Transparente,61,43,87,62
6f267bea-20220105_142018.jpg_224x224.jpg,224,224,Plano,81,29,98,45
6f267bea-20220105_142018.jpg_224x224.jpg,224,224,Guppy,32,28,49,59
6f267bea-20220105_142018.jpg_224x224.jpg,224,224,Guppy,38,77,62,94
6f82ce08-20220718_115249.jpg_224x224.jpg,224,224,Kiros,44,86,118,178
6f82ce08-20220718_115249.jpg_224x224.jpg,224,224,Transparente,109,0,157,62
70130b9f-20220718_115242.jpg_224x224.jpg,224,224,Kiros,60,94,154,145
70adbaf4-20221111_115137.jpg_224x224.jpg,224,224,Cuezo,36,0,180,223
710bc8ea-20220105_142458.jpg_224x224.jpg,224,224,Cuezo,41,80,68,135
72a6b233-20220718_120014.jpg_224x224.jpg,224,224,Guppy,24,34,86,73
72a6b233-20220718_120014.jpg_224x224.jpg,224,224,Guppy,103,77,153,101
72a6b233-20220718_120014.jpg_224x224.jpg,224,224,Kiros,13,93,94,138
737b4d55-20220718_115257.jpg_224x224.jpg,224,224,Kiros,39,52,182,212
74125658-20220718_114657.jpg_224x224.jpg,224,224,Transparente,87,85,124,135
75563d9c-20220718_114714.jpg_224x224.jpg,224,224,Transparente,97,45,146,91
75563d9c-20220718_114714.jpg_224x224.jpg,224,224,Guppy,51,87,85,123
76096dbd-20220105_142710.jpg_224x224.jpg,224,224,Cuezo,20,25,142,140
76843fbe-20220718_115327.jpg_224x224.jpg,224,224,Transparente,104,0,168,57
76843fbe-20220718_115327.jpg_224x224.jpg,224,224,Kiros,50,87,124,154
76b02517-20220718_115207.jpg_224x224.jpg,224,224,Plano,144,1,201,46
76b02517-20220718_115207.jpg_224x224.jpg,224,224,Kiros,38,85,115,153
76ccec9c-20220718_115312.jpg_224x224.jpg,224,224,Kiros,79,104,135,154
76ccec9c-20220718_115312.jpg_224x224.jpg,224,224,Transparente,42,25,90,53
77b0be37-20220718_120348.jpg_224x224.jpg,224,224,Plano,122,5,142,52
77b0be37-20220718_120348.jpg_224x224.jpg,224,224,Kiros,33,80,81,150
77b0be37-20220718_120348.jpg_224x224.jpg,224,224,Guppy,109,98,133,144
77b0be37-20220718_120348.jpg_224x224.jpg,224,224,Guppy,137,99,179,136
78446b7f-20220718_115918.jpg_224x224.jpg,224,224,Plano,91,104,193,175
78446b7f-20220718_115918.jpg_224x224.jpg,224,224,Plano,47,50,95,129
78446b7f-20220718_115918.jpg_224x224.jpg,224,224,Guppy,147,0,198,24
7857b7f0-20220718_115812.jpg_224x224.jpg,224,224,Guppy,65,39,148,90
7857b7f0-20220718_115812.jpg_224x224.jpg,224,224,Transparente,87,90,137,141
7857b7f0-20220718_115812.jpg_224x224.jpg,224,224,Kiros,154,118,213,163
789dff74-20220718_120136.jpg_224x224.jpg,224,224,Kiros,92,64,165,148
7a16d773-20220718_115324.jpg_224x224.jpg,224,224,Kiros,73,67,134,170
7a16d773-20220718_115324.jpg_224x224.jpg,224,224,Transparente,57,0,98,43
7a5d039d-20220718_115051.jpg_224x224.jpg,224,224,Guppy,72,94,144,146
7a5d039d-20220718_115051.jpg_224x224.jpg,224,224,Transparente,0,104,67,172
7a5d039d-20220718_115051.jpg_224x224.jpg,224,224,Plano,36,3,99,77
7a5d039d-20220718_115051.jpg_224x224.jpg,224,224,Guppy,14,0,53,55
7a5d039d-20220718_115051.jpg_224x224.jpg,224,224,Cuezo,110,0,167,88
7c58c498-20220718_120336.jpg_224x224.jpg,224,224,Transparente,140,21,203,77
7c58c498-20220718_120336.jpg_224x224.jpg,224,224,Guppy,99,93,152,127
7c58c498-20220718_120336.jpg_224x224.jpg,224,224,Guppy,34,40,95,84
7c58c498-20220718_120336.jpg_224x224.jpg,224,224,Guppy,0,36,62,97
7c58c498-20220718_120336.jpg_224x224.jpg,224,224,Kiros,1,91,65,143
7c58c498-20220718_120336.jpg_224x224.jpg,224,224,Guppy,163,94,216,147
7d2d17e7-20220718_120204.jpg_224x224.jpg,224,224,Plano,67,25,152,112
7d2d17e7-20220718_120204.jpg_224x224.jpg,224,224,Plano,130,17,181,64
7d76b071-20220718_114608.jpg_224x224.jpg,224,224,Plano,80,93,123,156
7d76b071-20220718_114608.jpg_224x224.jpg,224,224,Plano,96,154,150,189
7d76b071-20220718_114608.jpg_224x224.jpg,224,224,Plano,142,72,223,161
7da3f430-20220718_120402.jpg_224x224.jpg,224,224,Transparente,88,0,200,85
7da3f430-20220718_120402.jpg_224x224.jpg,224,224,Plano,98,75,163,115
7da3f430-20220718_120402.jpg_224x224.jpg,224,224,Guppy,6,157,68,205
7da3f430-20220718_120402.jpg_224x224.jpg,224,224,Guppy,0,0,53,56
7df663b6-20220105_142705.jpg_224x224.jpg,224,224,Cuezo,38,59,118,142
7df663b6-20220105_142705.jpg_224x224.jpg,224,224,Guppy,12,38,38,63
807b3a06-20220105_142256.jpg_224x224.jpg,224,224,Cuezo,118,73,137,101
80aead1a-20220718_115911.jpg_224x224.jpg,224,224,Transparente,108,48,152,103
80aead1a-20220718_115911.jpg_224x224.jpg,224,224,Kiros,96,114,149,159
80aead1a-20220718_115911.jpg_224x224.jpg,224,224,Guppy,37,98,77,136
813f286e-20220718_120049.jpg_224x224.jpg,224,224,Transparente,1,48,104,143
813f286e-20220718_120049.jpg_224x224.jpg,224,224,Guppy,121,34,180,71
813f286e-20220718_120049.jpg_224x224.jpg,224,224,Guppy,128,76,194,155
813f286e-20220718_120049.jpg_224x224.jpg,224,224,Guppy,97,92,120,131
817381fe-20221111_115138.jpg_224x224.jpg,224,224,Cuezo,4,0,193,215
82425f2d-20220105_142909.jpg_224x224.jpg,224,224,Cuezo,94,75,130,136
82425f2d-20220105_142909.jpg_224x224.jpg,224,224,Guppy,26,27,68,45
82425f2d-20220105_142909.jpg_224x224.jpg,224,224,Guppy,43,94,57,131
82658608-20220105_142252.jpg_224x224.jpg,224,224,Cuezo,134,64,146,94
829b5320-20220718_114802.jpg_224x224.jpg,224,224,Guppy,92,18,134,47
829b5320-20220718_114802.jpg_224x224.jpg,224,224,Guppy,149,3,204,37
829b5320-20220718_114802.jpg_224x224.jpg,224,224,Plano,161,43,187,99
829b5320-20220718_114802.jpg_224x224.jpg,224,224,Transparente,182,92,198,141
829b5320-20220718_114802.jpg_224x224.jpg,224,224,Guppy,126,152,152,194
829b5320-20220718_114802.jpg_224x224.jpg,224,224,Guppy,83,107,110,147
829b5320-20220718_114802.jpg_224x224.jpg,224,224,Guppy,126,0,142,26
859138fb-20220718_115343.jpg_224x224.jpg,224,224,Transparente,112,5,212,96
859138fb-20220718_115343.jpg_224x224.jpg,224,224,Guppy,150,99,188,168
859138fb-20220718_115343.jpg_224x224.jpg,224,224,Kiros,63,85,126,156
86aa6150-20220718_115607.jpg_224x224.jpg,224,224,Kiros,41,96,131,155
87971042-20220718_115941.jpg_224x224.jpg,224,224,Kiros,76,92,145,137
87971042-20220718_115941.jpg_224x224.jpg,224,224,Transparente,116,20,152,69
88d2a084-20220105_141918.jpg_224x224.jpg,224,224,Cuezo,83,54,136,147
895606cb-20220105_142211.jpg_224x224.jpg,224,224,Cuezo,84,71,123,156
8a256286-20220718_114613.jpg_224x224.jpg,224,224,Transparente,84,53,124,95
8a256286-20220718_114613.jpg_224x224.jpg,224,224,Guppy,33,2,109,44
8a256286-20220718_114613.jpg_224x224.jpg,224,224,Guppy,0,62,39,96
8a7ef902-20220718_114417.jpg_224x224.jpg,224,224,Plano,40,69,88,146
8d75aa2c-20220718_120259.jpg_224x224.jpg,224,224,Plano,126,5,174,59
8d75aa2c-20220718_120259.jpg_224x224.jpg,224,224,Guppy,73,57,154,88
8d75aa2c-20220718_120259.jpg_224x224.jpg,224,224,Guppy,128,111,197,164
8d75aa2c-20220718_120259.jpg_224x224.jpg,224,224,Guppy,63,121,86,172
8da46f5c-20220718_114551.jpg_224x224.jpg,224,224,Plano,105,89,134,117
8da46f5c-20220718_114551.jpg_224x224.jpg,224,224,Plano,78,75,105,127
8da46f5c-20220718_114551.jpg_224x224.jpg,224,224,Plano,89,129,120,161
8da46f5c-20220718_114551.jpg_224x224.jpg,224,224,Guppy,135,107,150,142
8da46f5c-20220718_114551.jpg_224x224.jpg,224,224,Guppy,109,2,148,20
8da46f5c-20220718_114551.jpg_224x224.jpg,224,224,Guppy,165,0,196,65
8dd564c4-20220105_142454.jpg_224x224.jpg,224,224,Cuezo,81,100,118,139
8ecb3579-20220718_115753.jpg_224x224.jpg,224,224,Transparente,159,60,223,172
8ecb3579-20220718_115753.jpg_224x224.jpg,224,224,Guppy,115,55,149,86
8ecb3579-20220718_115753.jpg_224x224.jpg,224,224,Guppy,72,6,115,62
8ecb3579-20220718_115753.jpg_224x224.jpg,224,224,Guppy,78,86,104,132
8f6a5dea-20220718_120321.jpg_224x224.jpg,224,224,Guppy,69,55,136,104
8f6a5dea-20220718_120321.jpg_224x224.jpg,224,224,Guppy,140,57,211,98
8f6a5dea-20220718_120321.jpg_224x224.jpg,224,224,Guppy,41,84,101,142
8fab1244-20220718_115250.jpg_224x224.jpg,224,224,Kiros,50,29,146,194
8fe0d3c2-20220718_121154.jpg_224x224.jpg,224,224,Guppy,120,81,137,111
8fe0d3c2-20220718_121154.jpg_224x224.jpg,224,224,Plano,24,176,58,206
8fe0d3c2-20220718_121154.jpg_224x224.jpg,224,224,Transparente,2,141,26,173
8fe0d3c2-20220718_121154.jpg_224x224.jpg,224,224,Guppy,36,0,118,52
8fe0d3c2-20220718_121154.jpg_224x224.jpg,224,224,Guppy,162,3,179,50
901ec6cd-20220718_114646.jpg_224x224.jpg,224,224,Guppy,50,70,123,118
901ec6cd-20220718_114646.jpg_224x224.jpg,224,224,Guppy,24,22,55,74
901ec6cd-20220718_114646.jpg_224x224.jpg,224,224,Transparente,3,126,60,184
901ec6cd-20220718_114646.jpg_224x224.jpg,224,224,Plano,114,5,188,58
9077032c-20220718_115557.jpg_224x224.jpg,224,224,Plano,117,0,186,78
9077032c-20220718_115557.jpg_224x224.jpg,224,224,Kiros,39,96,129,154
91d28874-20220718_120603.jpg_224x224.jpg,224,224,Transparente,84,38,144,101
91d28874-20220718_120603.jpg_224x224.jpg,224,224,Plano,171,0,223,79
91d28874-20220718_120603.jpg_224x224.jpg,224,224,Guppy,32,41,78,87
91d28874-20220718_120603.jpg_224x224.jpg,224,224,Kiros,99,108,170,152
91d28874-20220718_120603.jpg_224x224.jpg,224,224,Guppy,46,90,78,160
930d13b2-20220718_120816.jpg_224x224.jpg,224,224,Plano,65,60,127,161
930d13b2-20220718_120816.jpg_224x224.jpg,224,224,Cuezo,134,17,223,198
933a052b-20220718_120055.jpg_224x224.jpg,224,224,Transparente,177,51,205,135
933a052b-20220718_120055.jpg_224x224.jpg,224,224,Guppy,117,86,157,126
933a052b-20220718_120055.jpg_224x224.jpg,224,224,Kiros,2,96,67,165
936e4b54-20220718_120345.jpg_224x224.jpg,224,224,Kiros,43,89,88,124
936e4b54-20220718_120345.jpg_224x224.jpg,224,224,Guppy,95,105,121,123
936e4b54-20220718_120345.jpg_224x224.jpg,224,224,Guppy,77,74,106,96
936e4b54-20220718_120345.jpg_224x224.jpg,224,224,Transparente,72,0,108,38
93db4f5f-20220718_115552.jpg_224x224.jpg,224,224,Kiros,44,82,142,156
969b0795-20221227_101116.jpg_224x224.jpg,224,224,Cuezo,60,29,144,196
969b94a8-20220105_142707.jpg_224x224.jpg,224,224,Cuezo,48,66,132,135
969b94a8-20220105_142707.jpg_224x224.jpg,224,224,Guppy,43,13,67,40
969b94a8-20220105_142707.jpg_224x224.jpg,224,224,Plano,57,31,78,49
96d373b5-20220718_121008.jpg_224x224.jpg,224,224,Guppy,114,68,164,108
96d373b5-20220718_121008.jpg_224x224.jpg,224,224,Guppy,84,72,124,104
96d373b5-20220718_121008.jpg_224x224.jpg,224,224,Guppy,144,56,181,85
96d373b5-20220718_121008.jpg_224x224.jpg,224,224,Plano,125,106,163,131
96d373b5-20220718_121008.jpg_224x224.jpg,224,224,Cuezo,0,16,116,62
9706a4e3-20220105_142541.jpg_224x224.jpg,224,224,Cuezo,101,76,135,119
9706a4e3-20220105_142541.jpg_224x224.jpg,224,224,Plano,78,120,93,139
9706a4e3-20220105_142541.jpg_224x224.jpg,224,224,Plano,32,75,48,90
9706a4e3-20220105_142541.jpg_224x224.jpg,224,224,Guppy,53,68,75,79
9706a4e3-20220105_142541.jpg_224x224.jpg,224,224,Guppy,89,62,110,74
9706a4e3-20220105_142541.jpg_224x224.jpg,224,224,Guppy,53,57,73,70
97cc33ef-20220718_121234.jpg_224x224.jpg,224,224,Guppy,105,77,132,99
97cc33ef-20220718_121234.jpg_224x224.jpg,224,224,Guppy,67,127,108,145
97cc33ef-20220718_121234.jpg_224x224.jpg,224,224,Guppy,75,154,113,170
97cc33ef-20220718_121234.jpg_224x224.jpg,224,224,Guppy,115,114,148,136
97cc33ef-20220718_121234.jpg_224x224.jpg,224,224,Guppy,106,94,137,118
97cc33ef-20220718_121234.jpg_224x224.jpg,224,224,Guppy,106,34,139,62
97cc33ef-20220718_121234.jpg_224x224.jpg,224,224,Guppy,138,32,156,60
97cc33ef-20220718_121234.jpg_224x224.jpg,224,224,Guppy,0,104,33,168
97cc33ef-20220718_121234.jpg_224x224.jpg,224,224,Cuezo,0,34,54,131
97cc33ef-20220718_121234.jpg_224x224.jpg,224,224,Guppy,45,37,77,82
97cc33ef-20220718_121234.jpg_224x224.jpg,224,224,Guppy,78,38,95,89
995d4727-20220718_115807.jpg_224x224.jpg,224,224,Transparente,185,75,223,145
995d4727-20220718_115807.jpg_224x224.jpg,224,224,Guppy,154,0,186,29
99a8b100-20220105_142124.jpg_224x224.jpg,224,224,Cuezo,62,85,112,138
9c8b7303-20220718_120323.jpg_224x224.jpg,224,224,Guppy,77,67,137,115
9c8b7303-20220718_120323.jpg_224x224.jpg,224,224,Guppy,27,45,71,122
9c8b7303-20220718_120323.jpg_224x224.jpg,224,224,Guppy,145,39,180,81
9c8b7303-20220718_120323.jpg_224x224.jpg,224,224,Guppy,182,92,223,131
9cbfbd1d-20220105_142036.jpg_224x224.jpg,224,224,Cuezo,82,89,115,133
9ed235de-20220718_115314.jpg_224x224.jpg,224,224,Kiros,56,74,119,142
9ed235de-20220718_115314.jpg_224x224.jpg,224,224,Transparente,26,5,66,51
9fe6f1de-20220718_120558.jpg_224x224.jpg,224,224,Guppy,103,2,167,43
9fe6f1de-20220718_120558.jpg_224x224.jpg,224,224,Transparente,83,63,127,132
9fe6f1de-20220718_120558.jpg_224x224.jpg,224,224,Plano,159,3,199,39
9fe6f1de-20220718_120558.jpg_224x224.jpg,224,224,Kiros,114,114,179,158
a0dd5513-20220718_120457.jpg_224x224.jpg,224,224,Guppy,33,115,113,172
a0dd5513-20220718_120457.jpg_224x224.jpg,224,224,Guppy,99,80,159,131
a0dd5513-20220718_120457.jpg_224x224.jpg,224,224,Plano,157,0,199,55
a1a27e5e-20220718_120002.jpg_224x224.jpg,224,224,Guppy,89,92,172,175
a1a27e5e-20220718_120002.jpg_224x224.jpg,224,224,Cuezo,22,0,158,127
a2c8be51-20220718_115344.jpg_224x224.jpg,224,224,Guppy,137,89,181,151
a2c8be51-20220718_115344.jpg_224x224.jpg,224,224,Kiros,62,96,124,151
a2c8be51-20220718_115344.jpg_224x224.jpg,224,224,Plano,152,3,203,48
a376dc2e-20220718_120532.jpg_224x224.jpg,224,224,Transparente,82,85,131,140
a376dc2e-20220718_120532.jpg_224x224.jpg,224,224,Kiros,192,147,223,188
a5e0ec64-20220718_120836.jpg_224x224.jpg,224,224,Guppy,170,58,189,85
a5e0ec64-20220718_120836.jpg_224x224.jpg,224,224,Guppy,140,64,156,81
a5e0ec64-20220718_120836.jpg_224x224.jpg,224,224,Guppy,162,25,197,50
a5e0ec64-20220718_120836.jpg_224x224.jpg,224,224,Cuezo,4,104,105,210
a6d69760-20220718_114818.jpg_224x224.jpg,224,224,Transparente,76,53,116,101
a6d69760-20220718_114818.jpg_224x224.jpg,224,224,Plano,166,28,222,87
a6d69760-20220718_114818.jpg_224x224.jpg,224,224,Guppy,140,117,176,177
a6d69760-20220718_114818.jpg_224x224.jpg,224,224,Kiros,180,129,223,173
a6d69760-20220718_114818.jpg_224x224.jpg,224,224,Guppy,82,135,124,158
a6d69760-20220718_114818.jpg_224x224.jpg,224,224,Guppy,116,64,133,122
a6d69760-20220718_114818.jpg_224x224.jpg,224,224,Guppy,161,80,201,119
a7921aaa-20220718_115004.jpg_224x224.jpg,224,224,Transparente,111,74,170,121
a7921aaa-20220718_115004.jpg_224x224.jpg,224,224,Plano,88,0,115,57
a8ecc3d3-20220105_141833.jpg_224x224.jpg,224,224,Cuezo,58,2,150,198
ab0c2094-20220718_114659.jpg_224x224.jpg,224,224,Transparente,107,76,137,127
abdf7822-20220718_120609.jpg_224x224.jpg,224,224,Transparente,77,65,113,130
abdf7822-20220718_120609.jpg_224x224.jpg,224,224,Kiros,113,109,181,160
ad7bd08a-20220718_115247.jpg_224x224.jpg,224,224,Transparente,144,35,221,111
ad7bd08a-20220718_115247.jpg_224x224.jpg,224,224,Kiros,51,81,93,162
adcd6fd3-20220718_115957.jpg_224x224.jpg,224,224,Transparente,26,5,78,63
adcd6fd3-20220718_115957.jpg_224x224.jpg,224,224,Guppy,72,86,156,135
af2b1d2d-20220718_115243.jpg_224x224.jpg,224,224,Kiros,77,87,144,137
af3d8f80-20220105_142054.jpg_224x224.jpg,224,224,Cuezo,36,54,118,134
b0c4a2cf-20220718_120528.jpg_224x224.jpg,224,224,Transparente,90,84,123,135
b0c4a2cf-20220718_120528.jpg_224x224.jpg,224,224,Guppy,28,103,74,177
b1092de1-20220718_115306.jpg_224x224.jpg,224,224,Kiros,79,104,156,165
b1092de1-20220718_115306.jpg_224x224.jpg,224,224,Guppy,0,141,75,196
b10ee1fe-20220718_120228.jpg_224x224.jpg,224,224,Guppy,112,80,181,142
b10ee1fe-20220718_120228.jpg_224x224.jpg,224,224,Guppy,55,116,119,142
b10ee1fe-20220718_120228.jpg_224x224.jpg,224,224,Plano,124,0,171,50
b10ee1fe-20220718_120228.jpg_224x224.jpg,224,224,Guppy,184,101,223,169
b1106de0-20220105_142531.jpg_224x224.jpg,224,224,Cuezo,86,52,123,133
b1106de0-20220105_142531.jpg_224x224.jpg,224,224,Plano,39,103,68,136
b281a6db-20220718_120512.jpg_224x224.jpg,224,224,Plano,69,55,129,134
b281a6db-20220718_120512.jpg_224x224.jpg,224,224,Guppy,51,124,124,162
b281a6db-20220718_120512.jpg_224x224.jpg,224,224,Guppy,137,89,189,126
b281a6db-20220718_120512.jpg_224x224.jpg,224,224,Plano,127,67,168,106
b281a6db-20220718_120512.jpg_224x224.jpg,224,224,Cuezo,154,3,223,164
b2f1f29a-20220718_120111.jpg_224x224.jpg,224,224,Transparente,86,20,131,71
b2f1f29a-20220718_120111.jpg_224x224.jpg,224,224,Guppy,65,114,102,169
b2f1f29a-20220718_120111.jpg_224x224.jpg,224,224,Guppy,147,90,186,137
b2f1f29a-20220718_120111.jpg_224x224.jpg,224,224,Plano,66,8,83,34
b4010056-20220718_115303.jpg_224x224.jpg,224,224,Kiros,92,97,164,153
b4010056-20220718_115303.jpg_224x224.jpg,224,224,Transparente,65,40,117,81
b4010056-20220718_115303.jpg_224x224.jpg,224,224,Guppy,61,0,95,26
b4010056-20220718_115303.jpg_224x224.jpg,224,224,Guppy,0,103,44,138
b4b74ae5-20220718_120156.jpg_224x224.jpg,224,224,Guppy,4,86,60,174
b4b74ae5-20220718_120156.jpg_224x224.jpg,224,224,Guppy,33,139,76,174
b4b74ae5-20220718_120156.jpg_224x224.jpg,224,224,Kiros,133,105,206,175
b4b74ae5-20220718_120156.jpg_224x224.jpg,224,224,Guppy,155,161,206,209
b4b74ae5-20220718_120156.jpg_224x224.jpg,224,224,Guppy,61,54,110,115
b4b74ae5-20220718_120156.jpg_224x224.jpg,224,224,Plano,190,0,217,33
b7aac958-20220105_142150.jpg_224x224.jpg,224,224,Cuezo,83,83,113,161
b99b3e6a-20220718_120105.jpg_224x224.jpg,224,224,Cuezo,136,0,223,100
b99b3e6a-20220718_120105.jpg_224x224.jpg,224,224,Kiros,60,79,144,150
b99b3e6a-20220718_120105.jpg_224x224.jpg,224,224,Transparente,51,5,81,51
b9c5825f-20220718_115822.jpg_224x224.jpg,224,224,Guppy,52,75,102,124
bb43218b-20220718_115842.jpg_224x224.jpg,224,224,Transparente,3,21,86,101
bb43218b-20220718_115842.jpg_224x224.jpg,224,224,Kiros,95,98,161,144
bc8bd34c-20220718_120214.jpg_224x224.jpg,224,224,Guppy,43,1,84,46
bc8bd34c-20220718_120214.jpg_224x224.jpg,224,224,Guppy,41,57,62,139
bd796ddb-20220718_121002.jpg_224x224.jpg,224,224,Cuezo,0,24,76,132
bd796ddb-20220718_121002.jpg_224x224.jpg,224,224,Guppy,142,43,211,68
bd796ddb-20220718_121002.jpg_224x224.jpg,224,224,Guppy,150,28,198,80
bd796ddb-20220718_121002.jpg_224x224.jpg,224,224,Guppy,88,47,107,95
bd796ddb-20220718_121002.jpg_224x224.jpg,224,224,Transparente,53,138,87,189
bd796ddb-20220718_121002.jpg_224x224.jpg,224,224,Guppy,117,72,135,126
bd796ddb-20220718_121002.jpg_224x224.jpg,224,224,Guppy,123,0,153,30
c01218b5-20220718_120550.jpg_224x224.jpg,224,224,Plano,79,57,115,142
c01218b5-20220718_120550.jpg_224x224.jpg,224,224,Cuezo,148,103,223,212
c05b4772-20220718_114758.jpg_224x224.jpg,224,224,Guppy,3,11,59,43
c05b4772-20220718_114758.jpg_224x224.jpg,224,224,Guppy,70,93,111,141
c05b4772-20220718_114758.jpg_224x224.jpg,224,224,Guppy,130,113,167,150
c05b4772-20220718_114758.jpg_224x224.jpg,224,224,Guppy,166,113,205,140
c05b4772-20220718_114758.jpg_224x224.jpg,224,224,Plano,18,104,36,176
c05b4772-20220718_114758.jpg_224x224.jpg,224,224,Guppy,96,17,137,48
c1aeb6a4-20220105_142908.jpg_224x224.jpg,224,224,Cuezo,92,75,130,131
c1aeb6a4-20220105_142908.jpg_224x224.jpg,224,224,Guppy,32,25,58,47
c1aeb6a4-20220105_142908.jpg_224x224.jpg,224,224,Guppy,57,66,77,103
c2315b11-20220718_120306.jpg_224x224.jpg,224,224,Guppy,135,100,182,124
c2315b11-20220718_120306.jpg_224x224.jpg,224,224,Kiros,105,75,171,102
c2315b11-20220718_120306.jpg_224x224.jpg,224,224,Guppy,188,82,223,120
c2315b11-20220718_120306.jpg_224x224.jpg,224,224,Guppy,20,66,61,138
c43d7646-20220718_114429.jpg_224x224.jpg,224,224,Plano,31,71,132,162
c6ef3ecb-20220718_120211.jpg_224x224.jpg,224,224,Transparente,126,21,199,93
c6ef3ecb-20220718_120211.jpg_224x224.jpg,224,224,Guppy,61,55,83,83
c73f4a35-20220105_142136.jpg_224x224.jpg,224,224,Cuezo,75,77,127,129
c92184b1-20220718_120704.jpg_224x224.jpg,224,224,Guppy,98,114,150,154
c92184b1-20220718_120704.jpg_224x224.jpg,224,224,Transparente,71,41,97,77
c965d754-20220105_142916.jpg_224x224.jpg,224,224,Cuezo,68,57,144,126
c965d754-20220105_142916.jpg_224x224.jpg,224,224,Guppy,33,24,49,42
c965d754-20220105_142916.jpg_224x224.jpg,224,224,Guppy,29,3,46,15
c97dbba7-20220718_115654.jpg_224x224.jpg,224,224,Transparente,72,77,132,140
c97dbba7-20220718_115654.jpg_224x224.jpg,224,224,Kiros,106,117,198,215
c97dbba7-20220718_115654.jpg_224x224.jpg,224,224,Cuezo,120,0,223,109
c9a86f42-20221227_101117.jpg_224x224.jpg,224,224,Cuezo,58,4,158,211
ca11f7af-20220718_120334.jpg_224x224.jpg,224,224,Guppy,58,39,115,63
ca11f7af-20220718_120334.jpg_224x224.jpg,224,224,Guppy,69,95,107,125
ca11f7af-20220718_120334.jpg_224x224.jpg,224,224,Kiros,0,85,61,142
ca748087-20220718_115658.jpg_224x224.jpg,224,224,Kiros,45,52,144,141
cb1202ef-20220718_115833.jpg_224x224.jpg,224,224,Transparente,110,76,137,131
cb1202ef-20220718_115833.jpg_224x224.jpg,224,224,Kiros,159,113,222,168
cdce0378-20220105_142651.jpg_224x224.jpg,224,224,Cuezo,57,75,174,162
ce4b2e90-20220718_120035.jpg_224x224.jpg,224,224,Guppy,46,102,143,153
ce4b2e90-20220718_120035.jpg_224x224.jpg,224,224,Guppy,127,83,191,114
ce4b2e90-20220718_120035.jpg_224x224.jpg,224,224,Guppy,0,34,56,87
ceb35bd0-20220718_120120.jpg_224x224.jpg,224,224,Plano,91,12,132,60
ceb35bd0-20220718_120120.jpg_224x224.jpg,224,224,Transparente,73,110,106,148
ceb35bd0-20220718_120120.jpg_224x224.jpg,224,224,Guppy,101,149,135,175
ceb35bd0-20220718_120120.jpg_224x224.jpg,224,224,Guppy,162,138,201,192
cf59551a-20220718_115800.jpg_224x224.jpg,224,224,Transparente,165,70,220,161
cf59551a-20220718_115800.jpg_224x224.jpg,224,224,Transparente,106,32,135,83
cf59551a-20220718_115800.jpg_224x224.jpg,224,224,Guppy,64,92,126,115
cf59551a-20220718_115800.jpg_224x224.jpg,224,224,Guppy,56,121,125,168
cf6490e4-20220718_120553.jpg_224x224.jpg,224,224,Guppy,29,43,84,91
cf6490e4-20220718_120553.jpg_224x224.jpg,224,224,Transparente,99,62,125,104
cf6490e4-20220718_120553.jpg_224x224.jpg,224,224,Plano,128,18,160,65
cf6490e4-20220718_120553.jpg_224x224.jpg,224,224,Kiros,113,134,169,177
cfc895ae-20220105_142631.jpg_224x224.jpg,224,224,Cuezo,83,41,118,106
cfc895ae-20220105_142631.jpg_224x224.jpg,224,224,Guppy,20,55,38,67
d443cd1f-20220105_142038.jpg_224x224.jpg,224,224,Cuezo,83,54,130,158
d46af802-20220105_142101.jpg_224x224.jpg,224,224,Cuezo,71,93,137,147
d49345f0-20220105_142058.jpg_224x224.jpg,224,224,Cuezo,61,62,144,149
d593e7f0-20220105_141841.jpg_224x224.jpg,224,224,Cuezo,53,0,152,191
d66640db-20220718_115906.jpg_224x224.jpg,224,224,Plano,98,100,143,139
d66640db-20220718_115906.jpg_224x224.jpg,224,224,Plano,43,55,84,103
d66640db-20220718_115906.jpg_224x224.jpg,224,224,Plano,153,155,176,181
d66640db-20220718_115906.jpg_224x224.jpg,224,224,Cuezo,170,119,223,223
d66640db-20220718_115906.jpg_224x224.jpg,224,224,Guppy,175,34,206,58
d9fbba26-20220105_142123.jpg_224x224.jpg,224,224,Cuezo,70,97,108,151
dac16c52-20220105_142128.jpg_224x224.jpg,224,224,Cuezo,58,23,141,114
dc6d9861-20220718_114752.jpg_224x224.jpg,224,224,Plano,14,35,35,109
dc6d9861-20220718_114752.jpg_224x224.jpg,224,224,Guppy,85,107,131,143
dc6d9861-20220718_114752.jpg_224x224.jpg,224,224,Guppy,67,15,121,41
dc6d9861-20220718_114752.jpg_224x224.jpg,224,224,Guppy,139,12,199,42
dc6d9861-20220718_114752.jpg_224x224.jpg,224,224,Guppy,111,87,151,125
dc6d9861-20220718_114752.jpg_224x224.jpg,224,224,Cuezo,169,90,223,185
defd6528-20220718_121116.jpg_224x224.jpg,224,224,Cuezo,28,0,100,87
defd6528-20220718_121116.jpg_224x224.jpg,224,224,Transparente,34,77,67,102
defd6528-20220718_121116.jpg_224x224.jpg,224,224,Plano,63,161,103,194
defd6528-20220718_121116.jpg_224x224.jpg,224,224,Guppy,146,0,190,22
e142de2a-20220718_115555.jpg_224x224.jpg,224,224,Kiros,42,92,140,155
e142de2a-20220718_115555.jpg_224x224.jpg,224,224,Transparente,156,41,188,94
e142de2a-20220718_115555.jpg_224x224.jpg,224,224,Plano,170,0,220,64
e15a39f5-20220718_120511.jpg_224x224.jpg,224,224,Cuezo,119,5,211,126
e15a39f5-20220718_120511.jpg_224x224.jpg,224,224,Plano,98,74,122,138
e15a39f5-20220718_120511.jpg_224x224.jpg,224,224,Guppy,68,30,139,89
e1afffda-20220105_142257.jpg_224x224.jpg,224,224,Cuezo,111,79,137,114
e31486e8-20220718_114459.jpg_224x224.jpg,224,224,Plano,62,104,105,177
e48e0b04-20220718_115317.jpg_224x224.jpg,224,224,Transparente,67,12,113,56
e48e0b04-20220718_115317.jpg_224x224.jpg,224,224,Kiros,70,97,127,175
e556e978-20220718_115240.jpg_224x224.jpg,224,224,Cuezo,30,0,214,201
e60e4a3b-20220718_120611.jpg_224x224.jpg,224,224,Transparente,52,51,87,127
e60e4a3b-20220718_120611.jpg_224x224.jpg,224,224,Kiros,86,112,155,161
e60e4a3b-20220718_120611.jpg_224x224.jpg,224,224,Plano,83,6,128,48
e89b5638-20220718_114655.jpg_224x224.jpg,224,224,Transparente,76,66,116,126
e9b30965-20220718_120150.jpg_224x224.jpg,224,224,Kiros,96,52,140,158
e9b30965-20220718_120150.jpg_224x224.jpg,224,224,Transparente,147,35,220,138
e9b30965-20220718_120150.jpg_224x224.jpg,224,224,Guppy,5,26,59,93
ea05c08e-20220718_120537.jpg_224x224.jpg,224,224,Plano,64,71,119,171
ea12916a-20220718_120024.jpg_224x224.jpg,224,224,Transparente,45,49,109,105
ea12916a-20220718_120024.jpg_224x224.jpg,224,224,Guppy,39,0,100,45
ea12916a-20220718_120024.jpg_224x224.jpg,224,224,Plano,110,26,132,57
ea12916a-20220718_120024.jpg_224x224.jpg,224,224,Guppy,129,80,177,119
ea12916a-20220718_120024.jpg_224x224.jpg,224,224,Kiros,81,104,127,155
ea22f061-20220718_120153.jpg_224x224.jpg,224,224,Guppy,67,25,164,71
ea22f061-20220718_120153.jpg_224x224.jpg,224,224,Guppy,25,86,105,134
ea22f061-20220718_120153.jpg_224x224.jpg,224,224,Plano,90,0,138,27
ea22f061-20220718_120153.jpg_224x224.jpg,224,224,Kiros,119,75,165,122
ec27ce35-20220718_120709.jpg_224x224.jpg,224,224,Guppy,71,66,135,134
ec27ce35-20220718_120709.jpg_224x224.jpg,224,224,Plano,193,6,218,36
ec621a28-20221202_170056.jpg_224x224.jpg,224,224,Cuezo,52,82,134,184
ec621a28-20221202_170056.jpg_224x224.jpg,224,224,Plano,111,118,155,163
ed1b7d65-20220718_120335.jpg_224x224.jpg,224,224,Transparente,179,47,223,93
ed1b7d65-20220718_120335.jpg_224x224.jpg,224,224,Kiros,0,89,62,137
ed1b7d65-20220718_120335.jpg_224x224.jpg,224,224,Guppy,90,87,127,120
ed1b7d65-20220718_120335.jpg_224x224.jpg,224,224,Guppy,140,98,201,140
f11facee-20220105_142140.jpg_224x224.jpg,224,224,Cuezo,68,37,135,142
f1b5742c-20221111_115104.jpg_224x224.jpg,224,224,Guppy,19,79,65,104
f1b5742c-20221111_115104.jpg_224x224.jpg,224,224,Guppy,0,29,19,70
f1b5742c-20221111_115104.jpg_224x224.jpg,224,224,Guppy,20,0,37,40
f1b5742c-20221111_115104.jpg_224x224.jpg,224,224,Guppy,111,46,165,86
f1b5742c-20221111_115104.jpg_224x224.jpg,224,224,Guppy,98,10,156,37
f1b5742c-20221111_115104.jpg_224x224.jpg,224,224,Guppy,70,91,119,135
f1b5742c-20221111_115104.jpg_224x224.jpg,224,224,Guppy,95,133,134,164
f1b5742c-20221111_115104.jpg_224x224.jpg,224,224,Guppy,34,146,94,173
f1b5742c-20221111_115104.jpg_224x224.jpg,224,224,Guppy,150,29,208,65
f1c88d91-20220718_114619.jpg_224x224.jpg,224,224,Transparente,94,77,132,121
f1c88d91-20220718_114619.jpg_224x224.jpg,224,224,Plano,143,30,164,57
f1c88d91-20220718_114619.jpg_224x224.jpg,224,224,Plano,169,27,187,55
f1c88d91-20220718_114619.jpg_224x224.jpg,224,224,Guppy,106,6,124,32
f1c88d91-20220718_114619.jpg_224x224.jpg,224,224,Plano,130,0,139,38
f217be81-20220718_115010.jpg_224x224.jpg,224,224,Transparente,61,76,105,117
f217be81-20220718_115010.jpg_224x224.jpg,224,224,Guppy,107,122,162,154
f217be81-20220718_115010.jpg_224x224.jpg,224,224,Plano,62,0,82,47
f217be81-20220718_115010.jpg_224x224.jpg,224,224,Plano,208,42,221,96
f223b817-20220718_120028.jpg_224x224.jpg,224,224,Guppy,33,85,115,129
f223b817-20220718_120028.jpg_224x224.jpg,224,224,Transparente,0,33,66,93
f223b817-20220718_120028.jpg_224x224.jpg,224,224,Cuezo,183,0,223,85
f242dd78-20220105_142545.jpg_224x224.jpg,224,224,Cuezo,90,71,155,135
f242dd78-20220105_142545.jpg_224x224.jpg,224,224,Plano,32,57,49,73
f242dd78-20220105_142545.jpg_224x224.jpg,224,224,Guppy,68,39,102,55
f2eb0832-20220105_142432.jpg_224x224.jpg,224,224,Cuezo,83,10,163,126
f4314e52-20220718_115224.jpg_224x224.jpg,224,224,Transparente,83,0,117,51
f4314e52-20220718_115224.jpg_224x224.jpg,224,224,Plano,33,0,68,31
f4314e52-20220718_115224.jpg_224x224.jpg,224,224,Transparente,0,67,48,140
f4314e52-20220718_115224.jpg_224x224.jpg,224,224,Kiros,73,156,157,216
f50e3f48-20220718_114734.jpg_224x224.jpg,224,224,Plano,73,92,153,178
f50e3f48-20220718_114734.jpg_224x224.jpg,224,224,Guppy,140,72,201,106
f50e3f48-20220718_114734.jpg_224x224.jpg,224,224,Plano,0,124,60,223
f50e3f48-20220718_114734.jpg_224x224.jpg,224,224,Cuezo,44,8,101,105
f50e3f48-20220718_114734.jpg_224x224.jpg,224,224,Guppy,109,34,143,61
f55384e0-20220718_115348.jpg_224x224.jpg,224,224,Kiros,64,90,122,152
f5949c6e-20220718_120533.jpg_224x224.jpg,224,224,Transparente,81,82,146,137
f5949c6e-20220718_120533.jpg_224x224.jpg,224,224,Kiros,193,147,223,192
f750070b-20220718_115320.jpg_224x224.jpg,224,224,Kiros,63,82,130,161
f750070b-20220718_115320.jpg_224x224.jpg,224,224,Guppy,12,88,37,132
f7c468c3-20220718_120303.jpg_224x224.jpg,224,224,Plano,99,0,150,78
f7c468c3-20220718_120303.jpg_224x224.jpg,224,224,Guppy,99,83,145,107
f7c468c3-20220718_120303.jpg_224x224.jpg,224,224,Guppy,16,89,51,133
f7c468c3-20220718_120303.jpg_224x224.jpg,224,224,Guppy,61,123,90,159
f8834c84-20220718_115202.jpg_224x224.jpg,224,224,Guppy,135,35,212,82
f8834c84-20220718_115202.jpg_224x224.jpg,224,224,Kiros,29,104,92,153
f8834c84-20220718_115202.jpg_224x224.jpg,224,224,Guppy,99,157,141,201
f8834c84-20220718_115202.jpg_224x224.jpg,224,224,Guppy,68,186,113,202
f915c13a-20220718_120047.jpg_224x224.jpg,224,224,Cuezo,116,0,204,100
f915c13a-20220718_120047.jpg_224x224.jpg,224,224,Guppy,70,77,92,115
f915c13a-20220718_120047.jpg_224x224.jpg,224,224,Kiros,42,120,78,178
f915c13a-20220718_120047.jpg_224x224.jpg,224,224,Guppy,162,124,203,158
f98d452a-20220718_115647.jpg_224x224.jpg,224,224,Plano,57,43,158,143
f98d452a-20220718_115647.jpg_224x224.jpg,224,224,Cuezo,150,0,223,182
f9becf30-20220718_114557.jpg_224x224.jpg,224,224,Plano,50,87,133,160
f9becf30-20220718_114557.jpg_224x224.jpg,224,224,Transparente,130,57,161,96
f9becf30-20220718_114557.jpg_224x224.jpg,224,224,Plano,80,5,138,63
f9becf30-20220718_114557.jpg_224x224.jpg,224,224,Plano,176,25,212,65
fb6da72a-20220718_120905.jpg_224x224.jpg,224,224,Guppy,131,2,174,37
fb6da72a-20220718_120905.jpg_224x224.jpg,224,224,Guppy,39,104,92,123
fb6da72a-20220718_120905.jpg_224x224.jpg,224,224,Guppy,90,103,120,131
fb6da72a-20220718_120905.jpg_224x224.jpg,224,224,Guppy,89,134,134,173
fb6da72a-20220718_120905.jpg_224x224.jpg,224,224,Transparente,26,3,78,42
fbd5aaeb-20220718_115254.jpg_224x224.jpg,224,224,Kiros,45,56,142,202
fcd15c88-20220105_141717.jpg_224x224.jpg,224,224,Cuezo,83,25,156,107
fcd15c88-20220105_141717.jpg_224x224.jpg,224,224,Plano,18,92,39,124
fd1233ba-20220718_115845.jpg_224x224.jpg,224,224,Transparente,75,70,154,131
fd1233ba-20220718_115845.jpg_224x224.jpg,224,224,Guppy,153,2,223,58
fd4e1ca4-20220718_120324.jpg_224x224.jpg,224,224,Guppy,101,72,173,117
fd4e1ca4-20220718_120324.jpg_224x224.jpg,224,224,Guppy,43,61,94,142
fd4e1ca4-20220718_120324.jpg_224x224.jpg,224,224,Guppy,88,0,127,37
fd4e1ca4-20220718_120324.jpg_224x224.jpg,224,224,Guppy,182,91,205,117
fd4e1ca4-20220718_120324.jpg_224x224.jpg,224,224,Guppy,197,45,223,87
fdda86f1-20220718_114738.jpg_224x224.jpg,224,224,Guppy,57,71,129,107
fdda86f1-20220718_114738.jpg_224x224.jpg,224,224,Plano,94,111,130,151
fdda86f1-20220718_114738.jpg_224x224.jpg,224,224,Plano,151,120,202,166
fdda86f1-20220718_114738.jpg_224x224.jpg,224,224,Transparente,89,167,133,212
ffa31556-20220718_120008.jpg_224x224.jpg,224,224,Transparente,2,47,48,99
ffa31556-20220718_120008.jpg_224x224.jpg,224,224,Plano,49,27,82,54
ffa31556-20220718_120008.jpg_224x224.jpg,224,224,Guppy,161,109,193,155
ffc2b163-20220718_120713.jpg_224x224.jpg,224,224,Transparente,98,41,135,75
ffc2b163-20220718_120713.jpg_224x224.jpg,224,224,Guppy,74,98,129,142
